{"cameraMode":{"drawMode":0,"name":"Shaded","section":"Shading Mode"},"sceneLighting":true,"audioPlay":false,"sceneViewState":{"showFog":true,"showMaterialUpdate":false,"showSkybox":true,"showFlares":true,"showImageEffects":true,"showParticleSystems":true},"in2DMode":false,"pivot":{"x":0.24423187971115113,"y":0.5684645175933838,"z":-0.05214647576212883},"rotation":{"x":-0.050706177949905398,"y":-0.7105323076248169,"z":0.051464151591062549,"w":-0.6999458074569702},"size":18.58013153076172,"orthographic":false}